cell_type,n_cells,proportion,mean_confidence,median_confidence,min_confidence,max_confidence
Tem/Trm cytotoxic T cells,510,0.255,0.5690451319530212,0.6543670598698542,0.0009007869451122337,0.9999999999999654
Tem/Temra cytotoxic T cells,427,0.2135,0.8186748311099135,0.9838414202762851,0.0008864010881780733,0.999999888402763
CD16+ NK cells,405,0.2025,0.7978326710421697,0.9690876984025162,0.0014643727381029035,0.9999999930841321
Tcm/Naive helper T cells,307,0.1535,0.6488373244207574,0.8049429230847487,0.0028796683843796155,0.9999998800355758
Memory B cells,149,0.0745,0.9091687475693774,0.9995968240814332,0.016466236775366214,0.9999999990967325
Epithelial cells,125,0.0625,0.8223269265367361,0.9999714364592347,0.0003476010288942841,1.0
Naive B cells,60,0.03,0.9447556397592987,0.999889716564446,0.07769457254719987,0.9999999999996751
Mast cells,17,0.0085,0.9320261784424559,0.9989547606564245,0.18741317843228034,0.9999999994407822
